{"graph": {"_type": "graph-file", "sha256": "eec7fdc975e0cb7924b327639b039b7a22dcc6422b30968ac04018c76702f7d8", "size": 725, "path": "media/graph/graph_summary_eec7fdc975e0cb7924b3.graph.json"}, "examples": {"_type": "images/separated", "width": 28, "height": 28, "format": "png", "count": 36, "filenames": ["media/images/examples_2_51c853dcadb856ec5f7b.png", "media/images/examples_2_64804ea71bfb2dfdfef6.png", "media/images/examples_2_b70f2e212ef6eb7a204f.png", "media/images/examples_2_39520f74cde49f7d60aa.png", "media/images/examples_2_7ca4143e2914f325d07c.png", "media/images/examples_2_b74995f0d3e36d88a3af.png", "media/images/examples_2_0ab43bf5b98d22f7934d.png", "media/images/examples_2_11eebd54e37822eea9b5.png", "media/images/examples_2_9020ccdb76e5f1a2ff42.png", "media/images/examples_2_34db9f3839998ec72ee4.png", "media/images/examples_2_893fbe7c8e2c73f8f5da.png", "media/images/examples_2_d0fcbf19516f02e34d65.png", "media/images/examples_2_222a828dc05065d22c3c.png", "media/images/examples_2_3295a7df1fa602684c71.png", "media/images/examples_2_7f8462590c866774e68b.png", "media/images/examples_2_e152509f7daa47b1ad84.png", "media/images/examples_2_06157aa1ea9a2e001920.png", "media/images/examples_2_4401825296efa27d1396.png", "media/images/examples_2_1d1e6ae2e68b409d5446.png", "media/images/examples_2_d681fea13eba624b0065.png", "media/images/examples_2_d528375d15bba4b2ce88.png", "media/images/examples_2_c0c667e9f0034f422db0.png", "media/images/examples_2_f052d0109611fe66de5b.png", "media/images/examples_2_f826754365fe847c556c.png", "media/images/examples_2_1256a11ef293a44f9dba.png", "media/images/examples_2_dd92b9cb800c5616fe08.png", "media/images/examples_2_691728e319a4869946b6.png", "media/images/examples_2_3e66279dff5106ae0090.png", "media/images/examples_2_5921725ec478f20de508.png", "media/images/examples_2_839d46b4a2e94a6823fd.png", "media/images/examples_2_20b33080195f7b51fc95.png", "media/images/examples_2_f8aa47a50bf0e891a4b0.png", "media/images/examples_2_8929601781ba6c3c9223.png", "media/images/examples_2_04cbdb09210095cb6b67.png", "media/images/examples_2_0aa28edfcf943378073d.png", "media/images/examples_2_4a4199b4a6ae427ed48a.png"], "captions": [1, 1, 4, 1, 5, 4, 4, 4, 0, 9, 4, 3, 1, 3, 9, 5, 4, 1, 4, 1, 2, 4, 9, 0, 1, 1, 2, 1, 1, 0, 4, 9, 9, 1, 1, 2]}, "_timestamp": 1651907705, "_runtime": 397, "epoch": 2, "loss": 0.08152788877487183, "accuracy": 0.9741166830062866, "val_loss": 0.08863116055727005, "val_accuracy": 0.9725000262260437, "_step": 4, "best_val_loss": 0.08863116055727005, "best_epoch": 2, "test_loss": 0.08863116800785065, "test_accuracy": 0.9725000262260437}